fecha,hora,ticket_id,sucursal,producto,cantidad,precio_unitario,vendedor,metodo_pago
2025-12-24,10:01,TF-46048,Sucursal Norte,"Monitor LG 24""",1,12266,,EFECTIVO
2025-12-05,09:05,TF-38657,Sucursal Norte,Laptop HP,3,3457,Ana M,tarjeta
2025-12-29,09:48,TF-30926,Sucursal Este,Auriculares Sony,2,2747,Ana M,Efectivo
2025-12-15,14:38,TF-44671,Sucursal Centro,Disco Duro 1TB,3,2245,,tarjeta
2025-12-22,12:45,TF-19116,Sucursal Centro,"Monitor LG 24""",2,1507,Ana M,tarjeta
2025-12-09,14:22,TF-37460,Sucursal Sur,Mouse Logitech,3,10603,Ana M,tarjeta
2026-01-02,19:44,TF-83000,Sucursal Norte,Auriculares Sony,1,3952,Juan P,Tarjeta
2026-01-02,18:56,TF-51245,Sucursal Norte,Disco Duro 1TB,2,14694,Maria G,tarjeta
2025-12-27,18:27,TF-86484,Sucursal Este,Auriculares Sony,1,2466,Juan P,Tarjeta
2025-12-24,11:50,TF-99192,Sucursal Este,Mouse Logitech,2,6452,,Efectivo
2025-12-25,20:07,TF-99353,Sucursal Sur,Auriculares Sony,1,5008,Carlos L,Tarjeta
2025-12-20,10:55,TF-91959,Sucursal Sur,"Monitor LG 24""",1,6326,,Efectivo
2025-12-23,14:31,TF-12552,Sucursal Centro,Auriculares Sony,2,4123,Juan P,EFECTIVO
2025-12-30,10:48,TF-79822,Sucursal Norte,Teclado Mecánico,3,7987,,EFECTIVO
2025-12-10,17:48,TF-36365,Sucursal Sur,Tablet Samsung,3,10847,Maria G,Tarjeta
2025-12-06,14:01,TF-87110,Sucursal Norte,"Monitor LG 24""",1,1363,Juan P,tarjeta
2025-12-06,17:15,TF-46500,Sucursal Este,"Monitor LG 24""",3,2367,Maria G,EFECTIVO
2025-12-29,15:12,TF-22363,Sucursal Centro,Tablet Samsung,2,7139,Juan P,Efectivo
2025-12-16,20:21,TF-24322,Sucursal Norte,"Monitor LG 24""",1,8986,Maria G,Efectivo
2025-12-18,17:06,TF-16630,Sucursal Centro,Mouse Logitech,1,2924,Juan P,Tarjeta
2025-12-16,09:24,TF-44760,Sucursal Este,Webcam HD,2,11612,Ana M,Tarjeta
2025-12-10,13:13,TF-17665,Sucursal Centro,Auriculares Sony,1,1021,Maria G,Efectivo
2025-12-20,10:54,TF-34356,Sucursal Centro,Mouse Logitech,3,14320,Maria G,Efectivo
2025-12-23,10:26,TF-96163,Sucursal Sur,Webcam HD,1,11172,Carlos L,EFECTIVO
2025-12-14,10:00,TF-70068,Sucursal Centro,Mouse Logitech,3,3692,Juan P,Tarjeta
2025-12-15,13:10,TF-67433,Sucursal Sur,Laptop HP,3,13587,Maria G,tarjeta
2025-12-07,10:47,TF-82512,Sucursal Norte,Webcam HD,2,10109,Carlos L,EFECTIVO
2025-12-12,09:05,TF-93136,Sucursal Este,Webcam HD,1,258,Maria G,EFECTIVO
2025-12-21,20:27,TF-83519,Sucursal Centro,Mouse Logitech,1,14668,Carlos L,Tarjeta
2025-12-17,11:02,TF-50404,Sucursal Sur,Laptop HP,2,3641,,EFECTIVO
2025-12-23,20:09,TF-41029,Sucursal Norte,Teclado Mecánico,2,606,Ana M,Tarjeta
2025-12-12,11:50,TF-24168,Sucursal Este,Laptop HP,2,3844,Maria G,Tarjeta
2025-12-04,19:12,TF-62227,Sucursal Sur,Webcam HD,1,12870,,tarjeta
2025-12-04,10:56,TF-44237,Sucursal Norte,Webcam HD,1,1976,Ana M,Efectivo
2025-12-16,18:12,TF-43386,Sucursal Centro,Tablet Samsung,1,8718,Maria G,tarjeta
2025-12-17,10:42,TF-53279,Sucursal Sur,Mouse Logitech,3,14946,Ana M,tarjeta
21-12-2025,11:12,TF-65108,Sucursal Este,Teclado Mecánico,3,9524,Carlos L,Tarjeta
2025-12-17,18:38,TF-95813,Sucursal Sur,Disco Duro 1TB,2,7444,Maria G,Efectivo
2025-12-13,17:42,TF-92960,Sucursal Sur,Mouse Logitech,1,11223,Juan P,Tarjeta
2025-12-19,18:54,TF-19545,Sucursal Este,Tablet Samsung,3,9631,Maria G,Tarjeta
2025-12-24,20:00,TF-23970,Sucursal Este,"Monitor LG 24""",1,13374,Maria G,Efectivo
2025-12-18,11:51,TF-70901,Sucursal Sur,Disco Duro 1TB,3,13553,,EFECTIVO
2026-01-01,11:47,TF-72216,Sucursal Este,Webcam HD,1,13960,Maria G,tarjeta
2025-12-18,10:45,TF-47450,Sucursal Norte,Webcam HD,2,5438,Ana M,Tarjeta
2025-12-26,12:04,TF-64377,Sucursal Este,Auriculares Sony,3,7833,,Efectivo
2025-12-31,18:24,TF-72518,Sucursal Centro,Auriculares Sony,2,12544,,Tarjeta
2025-12-19,12:17,TF-67125,Sucursal Este,Laptop HP,2,5707,Ana M,Tarjeta
2025-12-23,17:01,TF-61645,Sucursal Centro,Mouse Logitech,3,7222,Ana M,tarjeta
2025-12-10,16:20,TF-54236,Sucursal Este,Webcam HD,2,4333,Juan P,tarjeta
2025-12-11,19:04,TF-95426,Sucursal Centro,Laptop HP,1,3466,Ana M,Efectivo
2025-12-22,12:29,TF-43586,Sucursal Sur,Teclado Mecánico,3,10149,Maria G,tarjeta
2025-12-07,18:01,TF-50888,Sucursal Este,Tablet Samsung,3,3449,Juan P,tarjeta
2025-12-31,19:38,TF-25866,Sucursal Centro,Auriculares Sony,3,7218,Juan P,EFECTIVO
2025-12-30,16:06,TF-66822,Sucursal Sur,Disco Duro 1TB,3,2706,Carlos L,EFECTIVO
2025-12-18,15:52,TF-87656,Sucursal Sur,Auriculares Sony,1,13810,Ana M,EFECTIVO
2025-12-14,09:31,TF-52600,Sucursal Norte,Disco Duro 1TB,1,6013,Carlos L,Efectivo
2025-12-20,12:05,TF-41635,Sucursal Este,Disco Duro 1TB,3,12621,Ana M,Efectivo
2025-12-06,13:14,TF-63005,Sucursal Norte,Webcam HD,3,9728,,tarjeta
2025-12-15,20:29,TF-45509,Sucursal Sur,Webcam HD,1,2176,Maria G,Tarjeta
10-12-2025,20:30,TF-46241,Sucursal Sur,Mouse Logitech,1,5053,,Tarjeta
12-12-2025,09:03,TF-82529,Sucursal Sur,Teclado Mecánico,3,14428,Carlos L,EFECTIVO
2025-12-19,16:21,TF-34164,Sucursal Centro,Webcam HD,2,2069,Juan P,Tarjeta
2025-12-08,18:19,TF-21164,Sucursal Norte,Mouse Logitech,3,12724,,EFECTIVO
2025-12-18,16:19,TF-87139,Sucursal Este,Webcam HD,3,10374,Maria G,Tarjeta
2025-12-12,19:05,TF-30585,Sucursal Norte,Teclado Mecánico,3,1429,Ana M,tarjeta
2025-12-05,12:18,TF-47056,Sucursal Este,Mouse Logitech,3,4024,Maria G,EFECTIVO
2025-12-07,17:14,TF-94886,Sucursal Norte,Webcam HD,1,1369,,tarjeta
2025-12-18,10:29,TF-49857,Sucursal Este,Webcam HD,3,9047,Ana M,tarjeta
2025-12-23,13:01,TF-21970,Sucursal Norte,Laptop HP,3,13658,Ana M,EFECTIVO
2026-01-02,13:11,TF-86720,Sucursal Este,Disco Duro 1TB,1,7900,Maria G,tarjeta
2025-12-17,20:31,TF-47777,Sucursal Este,Laptop HP,2,1642,Ana M,Efectivo
2025-12-25,17:29,TF-64165,Sucursal Centro,"Monitor LG 24""",3,6127,Juan P,Tarjeta
2025-12-12,17:08,TF-47752,Sucursal Este,Disco Duro 1TB,1,672,Maria G,tarjeta
2025-12-21,09:35,TF-63476,Sucursal Centro,"Monitor LG 24""",1,7760,Carlos L,tarjeta
2025-12-17,16:30,TF-41946,Sucursal Este,Teclado Mecánico,2,3322,Juan P,tarjeta
2025-12-28,15:21,TF-76550,Sucursal Sur,Laptop HP,2,12095,Ana M,Tarjeta
2025-12-18,17:30,TF-55236,Sucursal Sur,Tablet Samsung,2,5472,Ana M,Tarjeta
2025-12-31,15:02,TF-51704,Sucursal Este,Tablet Samsung,2,11073,Juan P,Tarjeta
2025-12-20,18:21,TF-10018,Sucursal Este,Mouse Logitech,3,7686,Maria G,Efectivo
2025-12-19,13:21,TF-91691,Sucursal Este,Mouse Logitech,2,14164,Ana M,Efectivo
2025-12-23,10:15,TF-92727,Sucursal Sur,"Monitor LG 24""",3,1680,Juan P,EFECTIVO
2025-12-09,20:19,TF-13794,Sucursal Centro,Auriculares Sony,1,5006,Ana M,Tarjeta
2025-12-09,11:05,TF-89887,Sucursal Este,"Monitor LG 24""",2,9754,Carlos L,Efectivo
2026-01-01,16:57,TF-47700,Sucursal Norte,Mouse Logitech,2,5861,Carlos L,EFECTIVO
2025-12-31,13:12,TF-60422,Sucursal Este,Mouse Logitech,1,6448,Carlos L,Efectivo
2025-12-30,19:25,TF-45976,Sucursal Centro,Laptop HP,3,12408,Maria G,tarjeta
2025-12-11,19:12,TF-91381,Sucursal Sur,Teclado Mecánico,3,1791,Ana M,Efectivo
2025-12-22,14:46,TF-27224,Sucursal Centro,Webcam HD,2,12446,Carlos L,tarjeta
2025-12-30,11:16,TF-73156,Sucursal Sur,Auriculares Sony,1,7873,Ana M,tarjeta
2025-12-06,15:00,TF-44663,Sucursal Centro,Disco Duro 1TB,2,11223,Carlos L,Efectivo
2025-12-25,12:30,TF-13280,Sucursal Sur,"Monitor LG 24""",3,1235,Ana M,Efectivo
2025-12-08,09:02,TF-49893,Sucursal Este,Mouse Logitech,1,4046,,EFECTIVO
2025-12-22,20:46,TF-30253,Sucursal Este,Mouse Logitech,2,10286,Carlos L,Tarjeta
2025-12-18,16:15,TF-57537,Sucursal Centro,Auriculares Sony,3,14973,Maria G,Efectivo
2025-12-31,16:05,TF-96870,Sucursal Norte,Laptop HP,1,13090,Maria G,Efectivo
30-12-2025,17:13,TF-86858,Sucursal Norte,"Monitor LG 24""",2,12887,Maria G,Tarjeta
2025-12-21,13:51,TF-32871,Sucursal Centro,Laptop HP,1,443,Juan P,Tarjeta
2025-12-12,09:08,TF-65176,Sucursal Centro,Mouse Logitech,2,7544,,Tarjeta
2025-12-23,09:46,TF-96363,Sucursal Sur,Disco Duro 1TB,3,710,Juan P,EFECTIVO
2025-12-26,16:04,TF-20589,Sucursal Sur,Teclado Mecánico,1,2267,Carlos L,EFECTIVO
2025-12-23,17:18,TF-69469,Sucursal Este,Mouse Logitech,3,2074,Maria G,EFECTIVO
2025-12-18,12:26,TF-54424,Sucursal Este,Tablet Samsung,2,12153,Carlos L,Tarjeta
2025-12-25,16:04,TF-21957,Sucursal Centro,Mouse Logitech,2,1782,Juan P,tarjeta
2025-12-25,10:26,TF-56346,Sucursal Este,Laptop HP,2,10037,Maria G,EFECTIVO
2025-12-11,10:22,TF-82910,Sucursal Sur,Mouse Logitech,2,9606,,Efectivo
2025-12-23,19:53,TF-45054,Sucursal Centro,Teclado Mecánico,2,11713,Maria G,Tarjeta
2025-12-22,19:25,TF-19120,Sucursal Norte,Laptop HP,1,12424,Maria G,tarjeta
2025-12-13,20:20,TF-84395,Sucursal Centro,Laptop HP,1,2779,Ana M,EFECTIVO
2025-12-19,18:28,TF-64287,Sucursal Sur,"Monitor LG 24""",3,2064,,EFECTIVO
2025-12-20,19:19,TF-10038,Sucursal Norte,Tablet Samsung,3,1097,Carlos L,tarjeta
2025-12-14,10:00,TF-75193,Sucursal Este,Teclado Mecánico,1,6429,Carlos L,Efectivo
2025-12-16,20:02,TF-67176,Sucursal Centro,Disco Duro 1TB,1,14324,Ana M,tarjeta
2025-12-07,15:01,TF-52568,Sucursal Norte,Disco Duro 1TB,3,6128,,EFECTIVO
2025-12-20,10:25,TF-50668,Sucursal Sur,"Monitor LG 24""",2,12965,,Tarjeta
2026-01-01,14:22,TF-94599,Sucursal Norte,"Monitor LG 24""",1,2599,Juan P,Tarjeta
2025-12-28,19:31,TF-70811,Sucursal Este,Auriculares Sony,3,5379,Carlos L,tarjeta
2025-12-22,09:22,TF-10047,Sucursal Centro,Webcam HD,2,7604,Juan P,EFECTIVO
2025-12-18,18:35,TF-15376,Sucursal Este,"Monitor LG 24""",2,10112,Juan P,tarjeta
2025-12-26,10:32,TF-94689,Sucursal Norte,Laptop HP,1,11793,Maria G,tarjeta
2025-12-15,13:24,TF-63578,Sucursal Sur,Laptop HP,3,10805,Ana M,tarjeta
2025-12-12,20:54,TF-96057,Sucursal Norte,Auriculares Sony,1,9747,Ana M,Tarjeta
2025-12-23,20:05,TF-50577,Sucursal Este,Auriculares Sony,1,11179,,Efectivo
2025-12-24,19:27,TF-76648,Sucursal Sur,Laptop HP,2,5260,Ana M,Tarjeta
2025-12-11,11:09,TF-20114,Sucursal Sur,Mouse Logitech,3,12830,Carlos L,Tarjeta
2025-12-23,15:09,TF-10046,Sucursal Norte,Teclado Mecánico,3,7370,Ana M,tarjeta
2025-12-28,20:50,TF-68841,Sucursal Norte,"Monitor LG 24""",2,13448,,EFECTIVO
2025-12-18,13:49,TF-60052,Sucursal Este,Teclado Mecánico,1,13327,Ana M,tarjeta
2025-12-21,10:45,TF-77621,Sucursal Centro,Webcam HD,1,12702,Ana M,Efectivo
2026-01-02,12:52,TF-69130,Sucursal Sur,Laptop HP,2,1072,Juan P,tarjeta
2025-12-11,09:20,TF-22987,Sucursal Sur,Teclado Mecánico,1,827,Maria G,EFECTIVO
2025-12-18,18:00,TF-20384,Sucursal Centro,Webcam HD,1,13880,Ana M,Efectivo
2025-12-28,13:15,TF-49472,Sucursal Centro,Laptop HP,1,7078,Ana M,Efectivo
2025-12-24,17:36,TF-41711,Sucursal Norte,Webcam HD,2,225,Juan P,tarjeta
2025-12-06,17:34,TF-76496,Sucursal Centro,Tablet Samsung,2,913,Juan P,tarjeta
2025-12-29,10:22,TF-41604,Sucursal Centro,Auriculares Sony,1,926,Ana M,EFECTIVO
2025-12-24,11:51,TF-27675,Sucursal Centro,Disco Duro 1TB,1,5007,Carlos L,tarjeta
2025-12-20,15:52,TF-81176,Sucursal Este,Webcam HD,1,12541,Juan P,tarjeta
2025-12-12,10:51,TF-58237,Sucursal Este,Tablet Samsung,3,7404,Ana M,EFECTIVO
2025-12-15,17:17,TF-20828,Sucursal Este,Mouse Logitech,2,10070,Juan P,Efectivo
2025-12-14,19:18,TF-50173,Sucursal Este,Tablet Samsung,1,11501,Carlos L,EFECTIVO
2025-12-12,19:50,TF-17518,Sucursal Centro,Tablet Samsung,2,8606,Maria G,EFECTIVO
2025-12-05,11:04,TF-10019,Sucursal Sur,Auriculares Sony,2,9493,Carlos L,EFECTIVO
2025-12-28,10:36,TF-28047,Sucursal Sur,Tablet Samsung,2,10842,Maria G,EFECTIVO
2025-12-20,15:58,TF-83619,Sucursal Centro,Webcam HD,2,11734,Ana M,Tarjeta
2025-12-07,11:54,TF-19706,Sucursal Este,Teclado Mecánico,3,7492,Carlos L,tarjeta
2025-12-26,10:35,TF-81063,Sucursal Sur,Webcam HD,1,11862,Carlos L,Tarjeta
2025-12-07,12:50,TF-28202,Sucursal Norte,Disco Duro 1TB,1,6112,,Tarjeta
2025-12-23,10:04,TF-50539,Sucursal Este,Disco Duro 1TB,3,6930,Carlos L,Efectivo
2025-12-18,16:43,TF-77811,Sucursal Sur,Teclado Mecánico,3,10682,,Efectivo
2025-12-30,10:33,TF-30056,Sucursal Sur,Teclado Mecánico,1,5486,,tarjeta
2025-12-31,10:16,TF-35729,Sucursal Sur,Teclado Mecánico,3,5161,,Tarjeta
2025-12-09,19:39,TF-10082,Sucursal Sur,Laptop HP,1,1530,Maria G,EFECTIVO
2025-12-23,19:01,TF-75278,Sucursal Sur,Webcam HD,2,4212,Juan P,Efectivo
2025-12-09,16:26,TF-73471,Sucursal Este,"Monitor LG 24""",2,10139,Carlos L,EFECTIVO
2025-12-08,14:32,TF-83616,Sucursal Centro,Auriculares Sony,1,7842,Juan P,tarjeta
2025-12-16,18:26,TF-42541,Sucursal Norte,Auriculares Sony,3,12014,,EFECTIVO
2025-12-19,13:31,TF-13037,Sucursal Centro,Tablet Samsung,3,7691,Juan P,tarjeta
2025-12-19,18:56,TF-95755,Sucursal Este,Webcam HD,3,333,Carlos L,EFECTIVO
2025-12-15,09:25,TF-16705,Sucursal Norte,Auriculares Sony,3,4928,Carlos L,Efectivo
2025-12-08,10:25,TF-58915,Sucursal Sur,Auriculares Sony,1,3461,Juan P,Tarjeta
2025-12-26,14:51,TF-72094,Sucursal Este,Teclado Mecánico,3,14833,Maria G,EFECTIVO
2025-12-23,20:53,TF-49221,Sucursal Sur,Disco Duro 1TB,3,9422,Juan P,EFECTIVO
2025-12-22,13:50,TF-92478,Sucursal Centro,Disco Duro 1TB,2,10941,Juan P,EFECTIVO
09-12-2025,17:40,TF-10089,Sucursal Este,Teclado Mecánico,3,4168,Carlos L,EFECTIVO
2025-12-08,15:44,TF-36724,Sucursal Este,Disco Duro 1TB,3,12117,Carlos L,EFECTIVO
2025-12-20,15:20,TF-32699,Sucursal Este,Auriculares Sony,3,6004,Carlos L,EFECTIVO
2025-12-10,12:17,TF-83149,Sucursal Sur,"Monitor LG 24""",2,12834,Carlos L,EFECTIVO
2025-12-15,17:59,TF-45842,Sucursal Sur,Mouse Logitech,3,11285,Carlos L,Tarjeta
2025-12-13,09:18,TF-20358,Sucursal Sur,Disco Duro 1TB,3,4401,Carlos L,tarjeta
2025-12-08,10:39,TF-86917,Sucursal Norte,"Monitor LG 24""",1,11174,Juan P,EFECTIVO
2025-12-14,20:30,TF-23178,Sucursal Norte,Laptop HP,3,2787,Ana M,Tarjeta
2025-12-28,13:20,TF-47409,Sucursal Centro,Mouse Logitech,3,9606,Juan P,Tarjeta
2025-12-17,11:59,TF-14763,Sucursal Este,Disco Duro 1TB,1,12471,Juan P,tarjeta
2025-12-22,18:06,TF-53914,Sucursal Sur,Disco Duro 1TB,3,9101,,EFECTIVO
12-12-2025,12:51,TF-24764,Sucursal Sur,Teclado Mecánico,3,7718,Carlos L,tarjeta
2025-12-22,19:48,TF-35318,Sucursal Norte,Tablet Samsung,2,8642,Maria G,EFECTIVO
2025-12-14,12:00,TF-44181,Sucursal Este,"Monitor LG 24""",2,12549,,Efectivo
2025-12-12,19:23,TF-40972,Sucursal Centro,Mouse Logitech,2,5226,Carlos L,Efectivo
2025-12-24,13:23,TF-90560,Sucursal Norte,"Monitor LG 24""",1,8034,Ana M,EFECTIVO
2025-12-28,17:51,TF-97044,Sucursal Norte,"Monitor LG 24""",3,12565,,tarjeta
2025-12-06,18:07,TF-18094,Sucursal Norte,Teclado Mecánico,1,5575,,EFECTIVO
2025-12-06,17:28,TF-17292,Sucursal Este,Teclado Mecánico,3,7006,Carlos L,Efectivo
2025-12-16,13:52,TF-10395,Sucursal Norte,Mouse Logitech,1,7141,Juan P,EFECTIVO
2025-12-05,13:26,TF-33590,Sucursal Norte,Tablet Samsung,2,14803,Ana M,Efectivo
2025-12-25,19:55,TF-80687,Sucursal Norte,Auriculares Sony,1,3124,Maria G,Efectivo
2025-12-28,09:19,TF-70686,Sucursal Este,Tablet Samsung,1,4255,Juan P,Efectivo
2025-12-29,19:26,TF-90599,Sucursal Centro,"Monitor LG 24""",1,1302,Juan P,Tarjeta
2025-12-27,09:25,TF-67535,Sucursal Norte,"Monitor LG 24""",1,2495,,tarjeta
2025-12-22,18:49,TF-98150,Sucursal Sur,"Monitor LG 24""",2,14556,Carlos L,tarjeta
2025-12-05,17:37,TF-32955,Sucursal Este,Disco Duro 1TB,1,5842,Carlos L,EFECTIVO
2025-12-17,11:19,TF-59343,Sucursal Norte,Disco Duro 1TB,1,14115,Ana M,Efectivo
2025-12-21,15:26,TF-83044,Sucursal Norte,Tablet Samsung,1,4377,Carlos L,Efectivo
2025-12-21,20:53,TF-34966,Sucursal Centro,Webcam HD,2,11237,,Tarjeta
2025-12-19,12:55,TF-53642,Sucursal Sur,Laptop HP,1,3313,Ana M,Tarjeta
2025-12-26,18:45,TF-36805,Sucursal Este,"Monitor LG 24""",3,5469,Carlos L,tarjeta
2025-12-12,14:32,TF-75179,Sucursal Este,Mouse Logitech,3,7892,Carlos L,EFECTIVO
2025-12-05,18:55,TF-39002,Sucursal Norte,Laptop HP,2,9265,Maria G,Tarjeta
2025-12-14,12:24,TF-84683,Sucursal Norte,Disco Duro 1TB,3,10925,Ana M,EFECTIVO
2025-12-18,11:46,TF-56160,Sucursal Norte,Teclado Mecánico,3,9154,Juan P,Efectivo
2025-12-30,10:52,TF-97584,Sucursal Centro,Laptop HP,2,2452,Juan P,Tarjeta
20-12-2025,16:23,TF-17923,Sucursal Este,Disco Duro 1TB,1,308,Carlos L,tarjeta
2025-12-04,17:52,TF-98346,Sucursal Este,Teclado Mecánico,1,1778,Carlos L,tarjeta
2025-12-12,15:05,TF-58896,Sucursal Este,Disco Duro 1TB,3,4184,Juan P,Efectivo
2025-12-06,15:24,TF-59436,Sucursal Este,Laptop HP,3,354,Carlos L,Efectivo
2026-01-01,17:58,TF-15577,Sucursal Norte,"Monitor LG 24""",3,14741,Carlos L,Efectivo
2025-12-09,14:01,TF-37152,Sucursal Norte,Tablet Samsung,1,5103,Ana M,tarjeta
2025-12-16,20:08,TF-20279,Sucursal Sur,Laptop HP,1,7361,,EFECTIVO
2025-12-28,14:01,TF-93115,Sucursal Sur,Disco Duro 1TB,2,3937,,EFECTIVO
2025-12-06,18:18,TF-42302,Sucursal Centro,Mouse Logitech,2,2726,Ana M,tarjeta
2025-12-15,10:05,TF-10680,Sucursal Sur,Disco Duro 1TB,2,12673,Ana M,EFECTIVO
2025-12-07,09:05,TF-56388,Sucursal Centro,Auriculares Sony,2,402,,Tarjeta
2025-12-22,17:10,TF-99825,Sucursal Este,Teclado Mecánico,1,4605,Ana M,tarjeta
2025-12-17,13:30,TF-20082,Sucursal Sur,Webcam HD,1,12011,Juan P,Tarjeta
2025-12-13,09:25,TF-53544,Sucursal Este,Auriculares Sony,2,5684,,Tarjeta
2025-12-13,14:38,TF-36326,Sucursal Este,Auriculares Sony,1,6724,Ana M,Tarjeta
2025-12-14,15:17,TF-61502,Sucursal Sur,Mouse Logitech,3,3473,,Efectivo
2025-12-27,16:45,TF-37479,Sucursal Este,Webcam HD,3,1333,Ana M,Tarjeta
2025-12-24,13:15,TF-43119,Sucursal Norte,Tablet Samsung,2,1411,,EFECTIVO
2025-12-21,09:50,TF-57124,Sucursal Centro,Mouse Logitech,1,10974,,EFECTIVO
2025-12-28,14:50,TF-66420,Sucursal Centro,Laptop HP,1,4439,,Tarjeta
2025-12-18,14:25,TF-70694,Sucursal Norte,Auriculares Sony,1,8109,Juan P,Tarjeta
2025-12-15,13:21,TF-69681,Sucursal Norte,Disco Duro 1TB,2,8001,Juan P,tarjeta
2025-12-05,20:07,TF-12960,Sucursal Sur,Mouse Logitech,3,13308,Maria G,Tarjeta
2025-12-14,17:27,TF-70562,Sucursal Norte,Tablet Samsung,3,3222,,Tarjeta
2025-12-18,18:27,TF-60965,Sucursal Centro,"Monitor LG 24""",1,4760,Juan P,Tarjeta
2025-12-15,14:12,TF-69972,Sucursal Centro,Webcam HD,3,14333,Ana M,EFECTIVO
2025-12-22,10:22,TF-56135,Sucursal Este,Teclado Mecánico,3,11766,Maria G,tarjeta
2025-12-07,12:19,TF-25328,Sucursal Norte,Auriculares Sony,3,2516,Ana M,EFECTIVO
2025-12-09,16:40,TF-80435,Sucursal Norte,Teclado Mecánico,2,4932,Juan P,tarjeta
2025-12-04,16:08,TF-35575,Sucursal Este,Disco Duro 1TB,2,11418,Maria G,Efectivo
2025-12-22,09:50,TF-38905,Sucursal Sur,Laptop HP,2,3883,Ana M,Efectivo
2025-12-22,10:17,TF-81186,Sucursal Sur,Laptop HP,3,7431,Maria G,tarjeta
2025-12-31,09:28,TF-44447,Sucursal Sur,Mouse Logitech,2,14376,,tarjeta
2025-12-31,20:39,TF-92938,Sucursal Este,Teclado Mecánico,3,2481,,tarjeta
2025-12-21,13:38,TF-80617,Sucursal Norte,Auriculares Sony,3,4994,Juan P,Tarjeta
2025-12-28,15:58,TF-17770,Sucursal Sur,Teclado Mecánico,3,14389,Maria G,EFECTIVO
2025-12-19,11:36,TF-92890,Sucursal Sur,Tablet Samsung,2,7605,Ana M,tarjeta
2025-12-26,14:29,TF-73968,Sucursal Sur,Laptop HP,3,1726,Carlos L,Efectivo
2025-12-29,17:25,TF-38551,Sucursal Este,"Monitor LG 24""",2,4599,Maria G,EFECTIVO
2025-12-29,14:57,TF-99463,Sucursal Centro,Laptop HP,1,10459,Maria G,EFECTIVO
2025-12-18,09:27,TF-36518,Sucursal Norte,Webcam HD,1,14526,Carlos L,Efectivo
2025-12-15,19:57,TF-95054,Sucursal Norte,Laptop HP,2,10449,Juan P,Efectivo
2025-12-04,12:30,TF-20215,Sucursal Norte,"Monitor LG 24""",3,"$11,340",Juan P,EFECTIVO
2025-12-26,11:30,TF-19283,Sucursal Norte,Tablet Samsung,1,12172,Carlos L,Tarjeta
2025-12-16,11:41,TF-10083,Sucursal Norte,Mouse Logitech,3,9428,Maria G,Tarjeta
2026-01-02,15:39,TF-99989,Sucursal Este,"Monitor LG 24""",1,14889,Ana M,tarjeta
2025-12-17,14:50,TF-28327,Sucursal Norte,Webcam HD,3,1580,Carlos L,Efectivo
2025-12-31,19:56,TF-49537,Sucursal Norte,"Monitor LG 24""",3,6618,Maria G,EFECTIVO
2025-12-16,10:15,TF-75481,Sucursal Centro,Laptop HP,2,5385,Carlos L,Tarjeta
2025-12-28,16:49,TF-19567,Sucursal Centro,Mouse Logitech,1,4495,Ana M,tarjeta
2025-12-24,20:32,TF-64451,Sucursal Este,Tablet Samsung,1,10694,Carlos L,Efectivo
2025-12-20,12:51,TF-30365,Sucursal Sur,Tablet Samsung,3,10592,Carlos L,EFECTIVO
2025-12-27,12:03,TF-42044,Sucursal Centro,Tablet Samsung,1,7628,Maria G,Efectivo
2025-12-04,20:08,TF-11487,Sucursal Norte,Disco Duro 1TB,2,8768,Carlos L,Tarjeta
2025-12-27,13:46,TF-25473,Sucursal Centro,Auriculares Sony,2,4656,Juan P,EFECTIVO
2025-12-18,17:23,TF-17266,Sucursal Este,Teclado Mecánico,2,2777,Juan P,Tarjeta
2025-12-27,17:00,TF-15772,Sucursal Centro,"Monitor LG 24""",1,7929,Juan P,EFECTIVO
2025-12-11,14:15,TF-64559,Sucursal Sur,Webcam HD,1,9564,Maria G,Tarjeta
2025-12-29,17:02,TF-62550,Sucursal Centro,Disco Duro 1TB,2,12873,Juan P,tarjeta
2025-12-10,13:36,TF-49834,Sucursal Norte,Disco Duro 1TB,2,9894,,Tarjeta
08-12-2025,09:59,TF-63744,Sucursal Centro,"Monitor LG 24""",3,5875,Carlos L,Efectivo
2025-12-28,19:24,TF-50306,Sucursal Centro,"Monitor LG 24""",3,4102,Maria G,tarjeta
2025-12-06,09:58,TF-40339,Sucursal Este,Auriculares Sony,2,12453,Ana M,Efectivo
2025-12-22,18:03,TF-67014,Sucursal Norte,"Monitor LG 24""",2,4476,Carlos L,tarjeta
2025-12-18,13:14,TF-19789,Sucursal Norte,Teclado Mecánico,3,1985,Ana M,Efectivo
2025-12-21,14:49,TF-37215,Sucursal Este,Webcam HD,2,4541,Carlos L,Efectivo
2025-12-10,14:09,TF-10038,Sucursal Norte,Auriculares Sony,2,8612,Juan P,EFECTIVO
31-12-2025,16:35,TF-82105,Sucursal Norte,Mouse Logitech,2,1869,Maria G,Tarjeta
2025-12-10,15:23,TF-99952,Sucursal Centro,Webcam HD,1,557,Maria G,Efectivo
2026-01-01,14:07,TF-15596,Sucursal Este,Laptop HP,1,9602,Ana M,EFECTIVO
2025-12-09,14:13,TF-34530,Sucursal Sur,Webcam HD,2,14674,Carlos L,EFECTIVO
2025-12-17,17:30,TF-17992,Sucursal Centro,Webcam HD,2,2448,Maria G,Efectivo
2025-12-16,20:22,TF-72873,Sucursal Este,Auriculares Sony,3,8431,,Tarjeta
2025-12-04,13:03,TF-71824,Sucursal Sur,"Monitor LG 24""",1,1840,Juan P,Tarjeta
2025-12-22,15:22,TF-32768,Sucursal Norte,"Monitor LG 24""",3,5410,Juan P,tarjeta
2025-12-22,18:09,TF-83807,Sucursal Norte,Disco Duro 1TB,3,5263,,Tarjeta
2025-12-04,17:30,TF-10089,Sucursal Sur,"Monitor LG 24""",1,5782,Carlos L,Efectivo
2025-12-04,11:37,TF-28566,Sucursal Centro,Auriculares Sony,1,6320,Carlos L,tarjeta
2025-12-14,11:10,TF-67261,Sucursal Este,Auriculares Sony,1,11786,Carlos L,Tarjeta
25-12-2025,18:52,TF-32983,Sucursal Este,Webcam HD,3,11480,,EFECTIVO
2025-12-31,18:02,TF-33865,Sucursal Sur,"Monitor LG 24""",3,9465,Juan P,Tarjeta
2025-12-15,14:10,TF-93386,Sucursal Centro,Auriculares Sony,2,386,Carlos L,Efectivo
2025-12-27,09:03,TF-60585,Sucursal Este,Tablet Samsung,1,14692,Ana M,Efectivo
2025-12-30,16:50,TF-85766,Sucursal Norte,Teclado Mecánico,2,1407,Carlos L,Efectivo
2025-12-06,14:10,TF-59212,Sucursal Norte,Mouse Logitech,3,14914,Ana M,Efectivo
2025-12-17,19:10,TF-89602,Sucursal Este,Teclado Mecánico,1,1859,,tarjeta
2025-12-25,13:19,TF-41135,Sucursal Centro,Laptop HP,2,9567,Juan P,EFECTIVO
2025-12-06,13:52,TF-96772,Sucursal Este,"Monitor LG 24""",1,621,Ana M,Efectivo
2025-12-13,15:30,TF-74106,Sucursal Sur,Mouse Logitech,3,9114,Maria G,EFECTIVO
2025-12-05,13:28,TF-70956,Sucursal Sur,"Monitor LG 24""",2,9444,Juan P,tarjeta
2025-12-29,17:26,TF-87296,Sucursal Norte,Laptop HP,2,13608,Ana M,Tarjeta
2025-12-19,13:05,TF-61747,Sucursal Centro,Teclado Mecánico,1,12605,Maria G,Tarjeta
2025-12-08,09:27,TF-20271,Sucursal Este,"Monitor LG 24""",3,2622,Juan P,Efectivo
2025-12-16,17:25,TF-82358,Sucursal Sur,Webcam HD,3,"$7,706",,EFECTIVO
2025-12-07,15:09,TF-29424,Sucursal Centro,Mouse Logitech,3,12972,Carlos L,EFECTIVO
2025-12-12,15:41,TF-73646,Sucursal Este,Laptop HP,1,4712,Ana M,Efectivo
2025-12-16,14:44,TF-41139,Sucursal Centro,Disco Duro 1TB,2,14896,Carlos L,tarjeta
2025-12-30,16:54,TF-99764,Sucursal Centro,"Monitor LG 24""",1,5123,Carlos L,EFECTIVO
2025-12-23,19:05,TF-34633,Sucursal Este,"Monitor LG 24""",2,12339,Juan P,Tarjeta
2025-12-06,13:45,TF-76426,Sucursal Este,Teclado Mecánico,3,14606,Maria G,Efectivo
2025-12-11,09:29,TF-16626,Sucursal Sur,"Monitor LG 24""",2,6235,Juan P,Efectivo
2025-12-11,14:31,TF-87862,Sucursal Este,Teclado Mecánico,2,9815,Carlos L,Efectivo
2025-12-13,09:24,TF-16507,Sucursal Norte,"Monitor LG 24""",1,10806,,Efectivo
2025-12-31,19:00,TF-10032,Sucursal Norte,Teclado Mecánico,3,13321,Carlos L,EFECTIVO
2026-01-01,15:54,TF-55706,Sucursal Este,Webcam HD,1,7846,,Efectivo
2025-12-04,17:42,TF-59051,Sucursal Sur,Webcam HD,3,1971,Carlos L,tarjeta
2025-12-12,19:45,TF-95389,Sucursal Sur,"Monitor LG 24""",1,8675,,EFECTIVO
2025-12-25,14:43,TF-28340,Sucursal Centro,Disco Duro 1TB,2,4450,,Tarjeta
2025-12-14,20:45,TF-39145,Sucursal Este,Auriculares Sony,3,5118,Maria G,tarjeta
2025-12-07,16:08,TF-43902,Sucursal Norte,Auriculares Sony,3,1663,Ana M,tarjeta
2025-12-15,13:37,TF-48541,Sucursal Este,Mouse Logitech,2,1079,Juan P,EFECTIVO
2026-01-01,12:32,TF-25704,Sucursal Este,Webcam HD,2,1085,Carlos L,EFECTIVO
2025-12-22,16:09,TF-51469,Sucursal Norte,Mouse Logitech,2,5649,Juan P,EFECTIVO
2025-12-12,12:48,TF-32099,Sucursal Norte,Disco Duro 1TB,1,2320,Ana M,EFECTIVO
2025-12-04,09:34,TF-36137,Sucursal Sur,Laptop HP,2,12600,Maria G,Tarjeta
2025-12-26,14:19,TF-26899,Sucursal Centro,Tablet Samsung,3,9844,Carlos L,EFECTIVO
2025-12-27,17:38,TF-78697,Sucursal Sur,Tablet Samsung,3,2392,Maria G,Tarjeta
2026-01-02,15:01,TF-10064,Sucursal Norte,Teclado Mecánico,1,12227,Juan P,EFECTIVO
2026-01-01,19:16,TF-80088,Sucursal Centro,Laptop HP,3,"$1,971",Ana M,EFECTIVO
2025-12-16,10:35,TF-43126,Sucursal Este,Teclado Mecánico,1,"$11,590",Juan P,tarjeta
2025-12-23,18:44,TF-27978,Sucursal Este,Mouse Logitech,3,11976,Ana M,Tarjeta
2025-12-23,12:49,TF-44471,Sucursal Norte,Auriculares Sony,3,6913,Maria G,EFECTIVO
2025-12-14,12:00,TF-11671,Sucursal Centro,Mouse Logitech,3,11161,Juan P,Efectivo
2026-01-01,13:41,TF-40298,Sucursal Este,Webcam HD,2,7806,Carlos L,tarjeta
2025-12-29,19:20,TF-65836,Sucursal Centro,Mouse Logitech,1,358,Carlos L,EFECTIVO
2025-12-23,13:56,TF-22183,Sucursal Sur,Auriculares Sony,1,2065,Ana M,EFECTIVO
2025-12-29,15:41,TF-31860,Sucursal Centro,Teclado Mecánico,3,12101,Ana M,EFECTIVO
2025-12-29,18:43,TF-10087,Sucursal Norte,Tablet Samsung,2,10216,Maria G,EFECTIVO
2026-01-02,16:07,TF-63907,Sucursal Este,Laptop HP,1,"$4,486",,Tarjeta
2025-12-25,14:33,TF-78564,Sucursal Centro,Tablet Samsung,3,12105,Ana M,Tarjeta
2025-12-30,17:57,TF-90335,Sucursal Centro,Laptop HP,3,2771,Maria G,Efectivo
2025-12-28,16:20,TF-41574,Sucursal Sur,Webcam HD,1,8505,Maria G,Efectivo
2025-12-18,16:51,TF-85108,Sucursal Este,Mouse Logitech,2,7524,Juan P,Efectivo
2025-12-16,15:02,TF-83024,Sucursal Centro,Mouse Logitech,3,10342,Ana M,tarjeta
2025-12-15,09:52,TF-39218,Sucursal Este,Auriculares Sony,3,12773,Ana M,Efectivo
2025-12-07,19:14,TF-10287,Sucursal Sur,Auriculares Sony,3,13305,Juan P,Tarjeta
2025-12-19,11:52,TF-63636,Sucursal Centro,Webcam HD,3,3409,Ana M,Tarjeta
2025-12-26,14:06,TF-64325,Sucursal Centro,Mouse Logitech,2,7693,Ana M,Efectivo
2025-12-20,20:03,TF-82512,Sucursal Este,Disco Duro 1TB,3,12997,Maria G,Efectivo
2025-12-16,19:38,TF-89450,Sucursal Sur,Tablet Samsung,2,10177,Carlos L,tarjeta
2025-12-18,11:08,TF-64099,Sucursal Sur,Auriculares Sony,3,12272,,tarjeta
2025-12-25,14:58,TF-98129,Sucursal Norte,Teclado Mecánico,3,9088,Carlos L,EFECTIVO
2025-12-22,18:42,TF-64719,Sucursal Sur,Tablet Samsung,1,8764,Juan P,Tarjeta
2025-12-12,11:18,TF-99573,Sucursal Sur,Teclado Mecánico,1,11514,Carlos L,EFECTIVO
2025-12-07,18:55,TF-98542,Sucursal Norte,Tablet Samsung,1,8570,Juan P,EFECTIVO
2025-12-16,15:50,TF-99803,Sucursal Sur,Laptop HP,1,12384,Ana M,Tarjeta
2026-01-02,19:45,TF-94886,Sucursal Sur,"Monitor LG 24""",3,3370,Maria G,Tarjeta
2025-12-27,17:07,TF-59440,Sucursal Centro,Tablet Samsung,2,9319,Juan P,tarjeta
2025-12-18,20:59,TF-30290,Sucursal Centro,Teclado Mecánico,2,9979,Carlos L,EFECTIVO
2025-12-29,18:35,TF-56934,Sucursal Centro,Auriculares Sony,3,3803,Maria G,EFECTIVO
2025-12-21,17:25,TF-22051,Sucursal Sur,"Monitor LG 24""",1,11068,,EFECTIVO
2025-12-21,19:00,TF-25036,Sucursal Sur,Disco Duro 1TB,1,10722,Carlos L,EFECTIVO
2026-01-02,10:24,TF-43631,Sucursal Sur,Laptop HP,3,13669,Ana M,Efectivo
2025-12-13,19:12,TF-51984,Sucursal Centro,Mouse Logitech,1,"$12,870",Maria G,EFECTIVO
2025-12-30,10:13,TF-80484,Sucursal Este,Mouse Logitech,3,11440,Juan P,Efectivo
2025-12-05,11:50,TF-43018,Sucursal Centro,"Monitor LG 24""",2,6878,Juan P,EFECTIVO
2025-12-25,10:34,TF-10773,Sucursal Centro,Laptop HP,3,14097,Carlos L,Efectivo
2025-12-13,16:24,TF-61788,Sucursal Centro,Disco Duro 1TB,1,8940,,tarjeta
24-12-2025,11:19,TF-98773,Sucursal Sur,Laptop HP,3,14532,,EFECTIVO
2025-12-21,17:05,TF-49936,Sucursal Norte,Auriculares Sony,1,6960,Maria G,Tarjeta
2025-12-23,13:12,TF-25023,Sucursal Norte,Laptop HP,3,7757,Carlos L,Efectivo
2025-12-10,20:37,TF-73857,Sucursal Sur,Auriculares Sony,1,11198,Maria G,tarjeta
2025-12-19,16:21,TF-90785,Sucursal Sur,Teclado Mecánico,3,9487,Juan P,tarjeta
2025-12-11,12:45,TF-93995,Sucursal Este,Webcam HD,2,2400,Ana M,tarjeta
2025-12-28,13:31,TF-82308,Sucursal Centro,Teclado Mecánico,3,10138,,Tarjeta
2025-12-12,20:56,TF-92132,Sucursal Centro,Mouse Logitech,1,14119,Ana M,Tarjeta
2026-01-02,09:35,TF-44159,Sucursal Este,Teclado Mecánico,2,6630,Carlos L,Tarjeta
2025-12-18,17:32,TF-21869,Sucursal Este,Auriculares Sony,3,373,,Tarjeta
2025-12-28,17:08,TF-68487,Sucursal Norte,Teclado Mecánico,3,9470,Ana M,tarjeta
2025-12-05,12:48,TF-73916,Sucursal Norte,Mouse Logitech,2,6252,Carlos L,EFECTIVO
2025-12-19,16:56,TF-16086,Sucursal Centro,Auriculares Sony,1,11730,Carlos L,Tarjeta
2025-12-16,19:24,TF-57880,Sucursal Centro,Webcam HD,2,3851,Ana M,EFECTIVO
2026-01-01,18:00,TF-75776,Sucursal Norte,Disco Duro 1TB,1,3968,Maria G,Tarjeta
2025-12-15,18:45,TF-25509,Sucursal Norte,Tablet Samsung,2,12000,,Tarjeta
2025-12-24,15:01,TF-41938,Sucursal Centro,Teclado Mecánico,3,9905,,Tarjeta
2025-12-05,11:16,TF-33597,Sucursal Este,Laptop HP,3,12127,Ana M,EFECTIVO
2025-12-31,16:10,TF-38752,Sucursal Este,Teclado Mecánico,3,13642,Maria G,tarjeta
2026-01-02,16:38,TF-87410,Sucursal Centro,"Monitor LG 24""",2,"$6,515",,EFECTIVO
2025-12-30,11:38,TF-10100,Sucursal Norte,Disco Duro 1TB,3,10027,Juan P,EFECTIVO
2025-12-25,11:57,TF-89098,Sucursal Centro,Tablet Samsung,3,7092,Maria G,EFECTIVO
2025-12-29,15:22,TF-87207,Sucursal Centro,Tablet Samsung,1,4370,Carlos L,EFECTIVO
2025-12-12,12:00,TF-10932,Sucursal Centro,Laptop HP,2,10924,Juan P,Tarjeta
2025-12-17,19:37,TF-43244,Sucursal Sur,Tablet Samsung,3,6190,Maria G,EFECTIVO
2025-12-21,17:30,TF-33425,Sucursal Sur,Disco Duro 1TB,2,5224,Maria G,Efectivo
2025-12-27,12:28,TF-31206,Sucursal Centro,"Monitor LG 24""",3,6762,Juan P,Tarjeta
2025-12-16,19:00,TF-21939,Sucursal Norte,Disco Duro 1TB,3,7333,,Efectivo
2025-12-27,15:59,TF-62513,Sucursal Sur,Laptop HP,1,"$10,690",,tarjeta
2025-12-10,09:50,TF-88579,Sucursal Norte,Teclado Mecánico,3,790,Juan P,tarjeta
2025-12-28,15:22,TF-97773,Sucursal Este,Tablet Samsung,3,3481,Juan P,tarjeta
2025-12-27,17:58,TF-86406,Sucursal Sur,Auriculares Sony,2,3907,,Efectivo
2025-12-12,11:26,TF-76353,Sucursal Centro,Mouse Logitech,3,5021,Carlos L,tarjeta
2025-12-26,16:24,TF-83815,Sucursal Este,"Monitor LG 24""",2,12907,Juan P,EFECTIVO
07-12-2025,13:04,TF-60157,Sucursal Norte,"Monitor LG 24""",2,6957,Carlos L,Tarjeta
2025-12-13,10:25,TF-98302,Sucursal Sur,Mouse Logitech,3,3124,Carlos L,Tarjeta
2025-12-27,19:59,TF-34925,Sucursal Este,"Monitor LG 24""",1,12249,Maria G,tarjeta
2025-12-08,10:07,TF-20287,Sucursal Este,Laptop HP,3,892,,tarjeta
2025-12-19,11:48,TF-76995,Sucursal Sur,Tablet Samsung,1,12490,Ana M,Efectivo
20-12-2025,14:25,TF-99959,Sucursal Norte,Disco Duro 1TB,1,11640,Maria G,EFECTIVO
2025-12-22,10:20,TF-57395,Sucursal Sur,Teclado Mecánico,3,4506,Carlos L,Tarjeta
2025-12-19,15:13,TF-64931,Sucursal Sur,Auriculares Sony,2,4781,Maria G,Efectivo
2025-12-27,13:51,TF-40907,Sucursal Este,Tablet Samsung,1,2589,Juan P,Tarjeta
2025-12-17,16:08,TF-92660,Sucursal Sur,Disco Duro 1TB,2,4311,Maria G,Efectivo
2025-12-10,13:30,TF-92557,Sucursal Centro,Disco Duro 1TB,3,5683,Carlos L,tarjeta
2025-12-04,15:07,TF-56018,Sucursal Norte,Teclado Mecánico,2,6018,Ana M,Efectivo
2025-12-16,18:18,TF-70784,Sucursal Norte,Teclado Mecánico,3,13433,Ana M,Efectivo
2025-12-06,11:21,TF-39912,Sucursal Sur,Auriculares Sony,3,4973,Ana M,tarjeta
2025-12-27,18:33,TF-10093,Sucursal Este,Teclado Mecánico,1,14195,Juan P,Tarjeta
2025-12-09,15:06,TF-10050,Sucursal Centro,Disco Duro 1TB,3,1081,Juan P,tarjeta
2025-12-23,11:05,TF-95830,Sucursal Este,Webcam HD,1,4253,,Tarjeta
2025-12-04,09:42,TF-56771,Sucursal Sur,Disco Duro 1TB,2,14468,,Tarjeta
2025-12-22,18:29,TF-92712,Sucursal Este,Webcam HD,2,8091,Carlos L,EFECTIVO
2025-12-12,11:19,TF-11383,Sucursal Centro,Teclado Mecánico,2,"$4,898",Ana M,tarjeta
2025-12-04,15:51,TF-48393,Sucursal Norte,Laptop HP,3,6321,Maria G,Tarjeta
2025-12-26,20:41,TF-61081,Sucursal Este,"Monitor LG 24""",2,1497,,tarjeta
2025-12-13,19:47,TF-79722,Sucursal Sur,Tablet Samsung,1,14183,Ana M,EFECTIVO
2025-12-12,20:39,TF-10068,Sucursal Norte,Auriculares Sony,1,"$2,692",Carlos L,tarjeta
2025-12-08,20:28,TF-11075,Sucursal Norte,Mouse Logitech,1,441,Ana M,tarjeta
2025-12-18,20:50,TF-14159,Sucursal Sur,Mouse Logitech,1,1118,Maria G,Tarjeta
2026-01-01,13:52,TF-60014,Sucursal Centro,Mouse Logitech,3,4278,Juan P,Tarjeta
2025-12-18,20:49,TF-22315,Sucursal Norte,Disco Duro 1TB,2,11364,Juan P,Efectivo
2025-12-12,16:40,TF-49166,Sucursal Norte,Auriculares Sony,1,14350,Ana M,tarjeta
2025-12-04,11:50,TF-46188,Sucursal Centro,Tablet Samsung,1,346,,Tarjeta
2025-12-15,10:15,TF-30669,Sucursal Este,Mouse Logitech,3,10335,Juan P,Efectivo
2025-12-15,19:09,TF-80300,Sucursal Centro,Teclado Mecánico,2,4012,Carlos L,EFECTIVO
2025-12-27,12:01,TF-10090,Sucursal Sur,Teclado Mecánico,2,14923,Ana M,Tarjeta
2025-12-22,11:34,TF-55569,Sucursal Sur,Disco Duro 1TB,2,14415,Juan P,Tarjeta
2025-12-18,13:52,TF-44517,Sucursal Sur,Disco Duro 1TB,1,12912,Juan P,tarjeta
2025-12-28,18:15,TF-52034,Sucursal Centro,Tablet Samsung,1,8786,Carlos L,tarjeta
2025-12-17,19:20,TF-24478,Sucursal Centro,Mouse Logitech,1,13883,Juan P,EFECTIVO
2025-12-10,10:02,TF-84843,Sucursal Este,Disco Duro 1TB,3,10423,,Efectivo
2025-12-04,12:41,TF-74409,Sucursal Centro,Disco Duro 1TB,3,1194,Carlos L,Efectivo
2025-12-30,18:17,TF-79339,Sucursal Centro,Mouse Logitech,2,1476,Maria G,EFECTIVO
2025-12-10,12:33,TF-96098,Sucursal Norte,Teclado Mecánico,3,12474,,tarjeta
2025-12-25,16:44,TF-97194,Sucursal Este,Mouse Logitech,1,13183,Maria G,EFECTIVO
2026-01-02,14:57,TF-51307,Sucursal Sur,Auriculares Sony,2,12720,Maria G,Tarjeta
2025-12-16,17:59,TF-10004,Sucursal Sur,Disco Duro 1TB,2,6705,,Tarjeta
2026-01-01,13:00,TF-49365,Sucursal Norte,"Monitor LG 24""",2,555,,Tarjeta
2025-12-07,09:29,TF-56616,Sucursal Norte,Teclado Mecánico,2,6214,Carlos L,Efectivo
2025-12-22,15:36,TF-38499,Sucursal Centro,Auriculares Sony,2,3032,Juan P,tarjeta
2025-12-05,20:51,TF-85534,Sucursal Este,Mouse Logitech,1,12830,Juan P,Tarjeta
2025-12-27,19:54,TF-88944,Sucursal Centro,Tablet Samsung,1,5193,Carlos L,Tarjeta
2025-12-08,09:43,TF-61495,Sucursal Este,Mouse Logitech,1,7276,Juan P,EFECTIVO
2025-12-22,20:03,TF-81847,Sucursal Este,Webcam HD,1,6729,Maria G,EFECTIVO
2025-12-21,12:31,TF-61815,Sucursal Norte,"Monitor LG 24""",1,1373,,Efectivo
2025-12-07,19:26,TF-65514,Sucursal Sur,Auriculares Sony,1,5454,Maria G,tarjeta
2025-12-23,16:39,TF-29112,Sucursal Este,Laptop HP,1,3471,Juan P,Efectivo
2025-12-27,09:15,TF-91396,Sucursal Norte,Webcam HD,1,5824,Juan P,tarjeta
2025-12-10,20:34,TF-37770,Sucursal Norte,Webcam HD,3,8113,Juan P,EFECTIVO
2025-12-22,19:33,TF-15699,Sucursal Sur,Teclado Mecánico,1,4853,Ana M,Efectivo
2025-12-06,15:42,TF-45561,Sucursal Sur,Mouse Logitech,1,4992,Ana M,Efectivo
2026-01-01,14:31,TF-88263,Sucursal Centro,Teclado Mecánico,1,8402,Juan P,Tarjeta
2026-01-02,17:19,TF-10087,Sucursal Este,Tablet Samsung,3,2772,Maria G,tarjeta
2025-12-29,09:40,TF-43774,Sucursal Este,Laptop HP,3,4790,Maria G,Efectivo
2025-12-27,15:33,TF-98866,Sucursal Norte,Tablet Samsung,1,9586,Carlos L,EFECTIVO
2025-12-21,11:13,TF-95520,Sucursal Norte,"Monitor LG 24""",1,5262,Ana M,Tarjeta
2025-12-24,18:58,TF-30715,Sucursal Sur,Mouse Logitech,3,8932,Maria G,Efectivo
2025-12-28,14:56,TF-64269,Sucursal Este,Webcam HD,2,12416,Carlos L,Tarjeta
2025-12-28,12:06,TF-27241,Sucursal Norte,Laptop HP,3,10308,Maria G,Tarjeta
2025-12-25,09:22,TF-20417,Sucursal Este,Teclado Mecánico,3,14063,Ana M,EFECTIVO
2025-12-19,11:10,TF-35330,Sucursal Norte,Laptop HP,2,12726,Maria G,Tarjeta
2025-12-28,12:04,TF-33209,Sucursal Este,Disco Duro 1TB,3,5523,Juan P,EFECTIVO
2025-12-27,14:25,TF-90151,Sucursal Centro,Mouse Logitech,2,7685,,EFECTIVO
2025-12-27,09:35,TF-60777,Sucursal Centro,"Monitor LG 24""",2,7401,Ana M,Tarjeta
2025-12-17,13:39,TF-17149,Sucursal Norte,Disco Duro 1TB,3,7600,,Tarjeta
2025-12-16,15:20,TF-69098,Sucursal Centro,Teclado Mecánico,2,9871,Juan P,tarjeta
2025-12-14,20:41,TF-31495,Sucursal Centro,Mouse Logitech,1,11770,Ana M,Tarjeta
2025-12-16,17:24,TF-15754,Sucursal Norte,Auriculares Sony,3,14475,Maria G,Efectivo
2025-12-17,13:19,TF-68491,Sucursal Sur,Teclado Mecánico,1,14921,Carlos L,Efectivo
2025-12-18,16:54,TF-75358,Sucursal Centro,Disco Duro 1TB,1,3753,Juan P,Efectivo
2025-12-11,17:17,TF-91233,Sucursal Norte,Laptop HP,1,2629,Juan P,tarjeta
2025-12-14,10:03,TF-24272,Sucursal Este,Teclado Mecánico,1,11211,,Tarjeta
2025-12-18,20:37,TF-57210,Sucursal Centro,Mouse Logitech,2,5489,Ana M,Efectivo
2025-12-13,16:08,TF-25993,Sucursal Sur,Auriculares Sony,3,6979,Juan P,Efectivo
2025-12-19,20:44,TF-89269,Sucursal Sur,Tablet Samsung,3,14090,Carlos L,Tarjeta
2025-12-23,18:31,TF-78118,Sucursal Este,Disco Duro 1TB,1,14677,Juan P,Efectivo
2025-12-04,16:40,TF-25456,Sucursal Norte,Tablet Samsung,2,945,Juan P,Tarjeta
2025-12-26,13:16,TF-18891,Sucursal Sur,Webcam HD,3,"$9,211",Carlos L,EFECTIVO
2025-12-27,18:39,TF-13816,Sucursal Norte,"Monitor LG 24""",2,13861,Juan P,Tarjeta
2025-12-19,11:40,TF-70374,Sucursal Sur,Disco Duro 1TB,2,12366,Carlos L,Efectivo
2025-12-10,18:43,TF-53479,Sucursal Sur,Mouse Logitech,1,4795,,Tarjeta
2025-12-22,18:24,TF-34560,Sucursal Centro,Webcam HD,3,14254,Ana M,Tarjeta
2025-12-15,16:53,TF-49666,Sucursal Norte,Webcam HD,1,2038,Juan P,EFECTIVO
2025-12-20,09:51,TF-73263,Sucursal Norte,"Monitor LG 24""",2,8121,Maria G,Efectivo
30-12-2025,17:43,TF-27395,Sucursal Norte,Laptop HP,2,6550,Juan P,Efectivo
2025-12-14,16:56,TF-16047,Sucursal Centro,Webcam HD,1,9662,Maria G,Tarjeta
2025-12-13,13:34,TF-51831,Sucursal Este,Mouse Logitech,2,2646,,Efectivo
2025-12-10,17:22,TF-82006,Sucursal Sur,Webcam HD,1,11740,Carlos L,tarjeta
2025-12-21,16:03,TF-27049,Sucursal Centro,Disco Duro 1TB,3,1026,Maria G,EFECTIVO
2025-12-23,14:19,TF-53559,Sucursal Norte,Mouse Logitech,2,9502,Ana M,Efectivo
2025-12-18,13:43,TF-94465,Sucursal Este,Disco Duro 1TB,1,3866,Carlos L,EFECTIVO
2025-12-09,20:58,TF-10060,Sucursal Sur,Auriculares Sony,2,8187,Maria G,tarjeta
2025-12-28,14:38,TF-85324,Sucursal Norte,Mouse Logitech,2,13594,Juan P,tarjeta
2025-12-21,16:25,TF-87402,Sucursal Este,"Monitor LG 24""",3,4192,Carlos L,Tarjeta
2025-12-30,20:37,TF-66511,Sucursal Este,Auriculares Sony,3,11572,,EFECTIVO
2025-12-07,18:38,TF-70674,Sucursal Sur,Mouse Logitech,2,3086,,EFECTIVO
2025-12-14,16:41,TF-96529,Sucursal Centro,Mouse Logitech,1,13586,Juan P,Tarjeta
2025-12-25,11:28,TF-79632,Sucursal Sur,Tablet Samsung,3,9668,Carlos L,tarjeta
2026-01-02,15:45,TF-55123,Sucursal Centro,Laptop HP,3,8562,Carlos L,Efectivo
2025-12-04,20:35,TF-57086,Sucursal Centro,Webcam HD,1,4054,Ana M,EFECTIVO
2025-12-16,15:34,TF-37684,Sucursal Norte,Disco Duro 1TB,1,3283,Ana M,Tarjeta
2025-12-13,19:08,TF-27600,Sucursal Centro,Mouse Logitech,3,457,Maria G,Efectivo
2025-12-08,19:51,TF-64507,Sucursal Este,Tablet Samsung,3,3145,Ana M,tarjeta
2025-12-11,11:27,TF-89242,Sucursal Centro,Disco Duro 1TB,3,4078,,tarjeta
2025-12-05,09:36,TF-73342,Sucursal Sur,Mouse Logitech,3,8089,,tarjeta
2025-12-18,17:05,TF-78597,Sucursal Centro,"Monitor LG 24""",2,10532,,tarjeta
2025-12-23,09:57,TF-55029,Sucursal Centro,Disco Duro 1TB,2,8599,Carlos L,tarjeta
2025-12-13,11:02,TF-88333,Sucursal Sur,Webcam HD,1,10510,Carlos L,Efectivo
2025-12-13,16:05,TF-26622,Sucursal Centro,Webcam HD,2,2371,Juan P,Tarjeta
2026-01-02,18:47,TF-29809,Sucursal Este,Auriculares Sony,1,4480,,Efectivo
2025-12-14,10:09,TF-88059,Sucursal Norte,Disco Duro 1TB,2,12821,Maria G,Tarjeta
2025-12-22,20:53,TF-55229,Sucursal Centro,Webcam HD,1,1060,,Tarjeta
2025-12-16,19:45,TF-61127,Sucursal Este,Webcam HD,1,"$8,890",Ana M,EFECTIVO
2025-12-25,14:33,TF-99505,Sucursal Centro,Mouse Logitech,3,10643,Carlos L,tarjeta
2025-12-12,13:51,TF-22881,Sucursal Sur,Tablet Samsung,2,12867,Maria G,tarjeta
2025-12-25,20:11,TF-51060,Sucursal Centro,Laptop HP,1,395,Carlos L,Tarjeta
2025-12-27,13:16,TF-35307,Sucursal Centro,Laptop HP,3,1706,Maria G,Efectivo
2025-12-26,10:05,TF-89257,Sucursal Norte,Tablet Samsung,3,12715,Juan P,Tarjeta
2025-12-12,13:29,TF-96570,Sucursal Centro,Disco Duro 1TB,2,12805,Carlos L,tarjeta
2025-12-09,10:17,TF-18177,Sucursal Este,Tablet Samsung,2,1184,Juan P,EFECTIVO
2026-01-02,12:39,TF-61463,Sucursal Norte,Disco Duro 1TB,1,2557,Juan P,EFECTIVO
2025-12-26,13:06,TF-14569,Sucursal Centro,Mouse Logitech,3,12120,Maria G,Efectivo
2026-01-02,09:42,TF-61181,Sucursal Sur,Teclado Mecánico,3,5603,Ana M,EFECTIVO
2025-12-17,15:54,TF-19188,Sucursal Norte,Laptop HP,2,11492,Carlos L,tarjeta
2025-12-25,13:25,TF-17234,Sucursal Centro,Auriculares Sony,3,14181,Carlos L,Tarjeta
2025-12-09,17:02,TF-60353,Sucursal Norte,Webcam HD,3,6591,Juan P,EFECTIVO
2025-12-27,12:08,TF-14679,Sucursal Norte,Laptop HP,3,9914,Carlos L,EFECTIVO
2025-12-21,16:01,TF-14855,Sucursal Sur,Laptop HP,2,13106,,EFECTIVO
2025-12-25,17:09,TF-85936,Sucursal Norte,Mouse Logitech,1,12249,,Efectivo
2025-12-11,20:41,TF-27109,Sucursal Centro,Teclado Mecánico,3,1018,,Tarjeta
2025-12-30,18:04,TF-23937,Sucursal Centro,Disco Duro 1TB,3,13293,Carlos L,EFECTIVO
2025-12-14,10:43,TF-10022,Sucursal Norte,Auriculares Sony,1,12721,Maria G,EFECTIVO
2025-12-09,20:23,TF-10012,Sucursal Norte,Disco Duro 1TB,1,9735,Ana M,Tarjeta
2025-12-04,16:05,TF-10832,Sucursal Centro,Teclado Mecánico,1,11779,Ana M,Tarjeta
2025-12-10,11:40,TF-45513,Sucursal Este,Tablet Samsung,1,3059,Ana M,Efectivo
2025-12-24,13:22,TF-64891,Sucursal Centro,"Monitor LG 24""",1,2125,,Tarjeta
2025-12-18,19:42,TF-37277,Sucursal Sur,Laptop HP,1,2046,Ana M,EFECTIVO
2025-12-09,11:42,TF-15651,Sucursal Centro,Auriculares Sony,2,3633,Ana M,Efectivo
2025-12-07,20:03,TF-80432,Sucursal Norte,Teclado Mecánico,1,8147,Ana M,tarjeta
2025-12-17,12:47,TF-98716,Sucursal Sur,"Monitor LG 24""",1,5543,Maria G,EFECTIVO
2026-01-01,12:04,TF-71733,Sucursal Este,Laptop HP,2,2574,Carlos L,Tarjeta
2025-12-18,20:12,TF-92840,Sucursal Sur,Webcam HD,1,5703,Maria G,Efectivo
2025-12-31,16:29,TF-64817,Sucursal Norte,Auriculares Sony,1,14722,,Tarjeta
2025-12-22,17:54,TF-40107,Sucursal Centro,Tablet Samsung,3,8215,Ana M,tarjeta
2025-12-04,20:27,TF-42329,Sucursal Norte,Auriculares Sony,2,9693,,Efectivo
2025-12-17,09:02,TF-71689,Sucursal Centro,Tablet Samsung,3,6660,Ana M,EFECTIVO
2025-12-11,10:35,TF-11628,Sucursal Este,"Monitor LG 24""",1,6072,Ana M,tarjeta
2025-12-09,20:29,TF-84760,Sucursal Centro,Disco Duro 1TB,2,12845,Carlos L,EFECTIVO
2025-12-26,19:00,TF-92222,Sucursal Centro,Tablet Samsung,3,5654,,Tarjeta
2025-12-29,19:05,TF-91324,Sucursal Sur,Laptop HP,3,11253,Ana M,Efectivo
2025-12-15,14:11,TF-94957,Sucursal Centro,"Monitor LG 24""",1,5687,,Tarjeta
2025-12-28,20:48,TF-39548,Sucursal Sur,Auriculares Sony,2,8450,Carlos L,EFECTIVO
2025-12-19,17:33,TF-26083,Sucursal Este,Webcam HD,2,10373,Juan P,Tarjeta
2026-01-01,16:05,TF-20508,Sucursal Este,Teclado Mecánico,2,1460,Ana M,Tarjeta
2025-12-31,12:33,TF-92218,Sucursal Centro,Webcam HD,2,11380,Ana M,Efectivo
2025-12-13,12:04,TF-12888,Sucursal Norte,Auriculares Sony,2,9681,,EFECTIVO
2025-12-18,13:36,TF-27295,Sucursal Sur,Teclado Mecánico,2,3915,Juan P,Tarjeta
2025-12-15,13:29,TF-31805,Sucursal Norte,Webcam HD,1,3073,Maria G,Tarjeta
2025-12-11,10:02,TF-51500,Sucursal Norte,Disco Duro 1TB,2,6256,Carlos L,tarjeta
2025-12-08,14:28,TF-80761,Sucursal Norte,Webcam HD,1,608,Ana M,tarjeta
2025-12-08,09:47,TF-81584,Sucursal Sur,Webcam HD,2,14879,,Tarjeta
2025-12-29,18:46,TF-67947,Sucursal Sur,Mouse Logitech,3,8047,Carlos L,Efectivo
2025-12-16,18:53,TF-38883,Sucursal Este,Auriculares Sony,1,5547,Maria G,tarjeta
2025-12-10,09:05,TF-80570,Sucursal Este,Mouse Logitech,3,6662,Juan P,tarjeta
2025-12-16,11:45,TF-66051,Sucursal Sur,Tablet Samsung,2,399,,Efectivo
2025-12-10,20:56,TF-68224,Sucursal Este,Disco Duro 1TB,2,2883,Ana M,Tarjeta
2025-12-30,18:38,TF-21282,Sucursal Norte,"Monitor LG 24""",2,7976,,EFECTIVO
2025-12-06,09:26,TF-93729,Sucursal Sur,Tablet Samsung,1,9306,Maria G,Tarjeta
2025-12-30,15:18,TF-82596,Sucursal Este,Laptop HP,2,13873,Maria G,Efectivo
2025-12-29,09:09,TF-44429,Sucursal Sur,Disco Duro 1TB,1,10912,Maria G,Efectivo
2025-12-07,13:31,TF-18745,Sucursal Sur,Disco Duro 1TB,3,7344,Juan P,tarjeta
2025-12-20,20:36,TF-12299,Sucursal Sur,Teclado Mecánico,3,1158,Carlos L,Tarjeta
2025-12-05,13:23,TF-64986,Sucursal Sur,Laptop HP,2,4978,Maria G,Efectivo
2025-12-23,11:34,TF-52284,Sucursal Sur,Webcam HD,2,11430,Carlos L,Tarjeta
2025-12-04,11:33,TF-46885,Sucursal Sur,Disco Duro 1TB,2,5775,,Tarjeta
30-12-2025,12:50,TF-83224,Sucursal Centro,Tablet Samsung,2,1451,Carlos L,tarjeta
2025-12-26,14:08,TF-10015,Sucursal Sur,Teclado Mecánico,3,5191,Maria G,Tarjeta
2025-12-13,11:13,TF-27067,Sucursal Centro,Tablet Samsung,3,12701,Ana M,Efectivo
2025-12-10,10:02,TF-10038,Sucursal Centro,Disco Duro 1TB,1,4345,Juan P,Tarjeta
2025-12-22,12:11,TF-97896,Sucursal Sur,Laptop HP,1,2584,Carlos L,tarjeta
2025-12-09,17:49,TF-90341,Sucursal Norte,Mouse Logitech,1,"$13,628",Maria G,tarjeta
2025-12-09,17:00,TF-22934,Sucursal Norte,Disco Duro 1TB,2,11638,Maria G,tarjeta
2025-12-16,15:13,TF-77403,Sucursal Norte,Tablet Samsung,1,12674,Maria G,EFECTIVO
2025-12-28,14:45,TF-47784,Sucursal Centro,Mouse Logitech,2,8288,Carlos L,EFECTIVO
2025-12-11,17:26,TF-48088,Sucursal Este,"Monitor LG 24""",1,14859,Maria G,Efectivo
2025-12-25,16:43,TF-23785,Sucursal Este,Disco Duro 1TB,3,10989,,Efectivo
2025-12-27,11:04,TF-57672,Sucursal Norte,Auriculares Sony,1,9947,Ana M,EFECTIVO
2025-12-12,20:49,TF-86273,Sucursal Sur,Tablet Samsung,2,7995,,tarjeta
2025-12-08,16:06,TF-26015,Sucursal Sur,Disco Duro 1TB,2,3981,Juan P,Efectivo
2025-12-19,19:01,TF-33474,Sucursal Este,Auriculares Sony,1,5160,,EFECTIVO
2025-12-29,16:12,TF-48477,Sucursal Este,Disco Duro 1TB,3,4487,Juan P,Efectivo
2025-12-17,10:24,TF-10022,Sucursal Sur,Tablet Samsung,2,7731,Carlos L,Tarjeta
2025-12-19,15:08,TF-50954,Sucursal Este,Disco Duro 1TB,1,9520,,EFECTIVO
2025-12-19,17:54,TF-30487,Sucursal Centro,Tablet Samsung,2,8305,Carlos L,tarjeta
2025-12-05,09:37,TF-15913,Sucursal Norte,Auriculares Sony,2,"$13,463",Carlos L,EFECTIVO
2025-12-07,15:22,TF-56840,Sucursal Este,Auriculares Sony,1,11033,Juan P,Efectivo
2025-12-31,13:07,TF-10084,Sucursal Norte,Laptop HP,3,5543,Ana M,tarjeta
2025-12-04,20:30,TF-87068,Sucursal Centro,Auriculares Sony,2,9544,Juan P,Tarjeta
2025-12-14,16:32,TF-97475,Sucursal Sur,Teclado Mecánico,3,5107,Juan P,Tarjeta
2025-12-13,13:03,TF-48970,Sucursal Este,"Monitor LG 24""",3,12371,,tarjeta
2025-12-12,10:36,TF-79607,Sucursal Este,Tablet Samsung,1,5890,Carlos L,EFECTIVO
2025-12-25,17:20,TF-36224,Sucursal Este,Tablet Samsung,2,10439,Juan P,Tarjeta
2025-12-22,16:13,TF-96613,Sucursal Este,Webcam HD,3,8928,,Efectivo
2025-12-20,12:23,TF-70619,Sucursal Norte,"Monitor LG 24""",1,12429,Carlos L,Efectivo
2025-12-24,12:54,TF-64059,Sucursal Sur,Webcam HD,3,2831,Juan P,Tarjeta
2025-12-10,09:15,TF-50703,Sucursal Este,Disco Duro 1TB,3,7345,Carlos L,Tarjeta
2025-12-04,13:50,TF-46408,Sucursal Norte,Laptop HP,3,8160,Carlos L,tarjeta
2025-12-31,10:57,TF-63347,Sucursal Sur,Mouse Logitech,2,13959,,Efectivo
2025-12-20,19:53,TF-86076,Sucursal Sur,Disco Duro 1TB,1,4100,,EFECTIVO
2025-12-29,20:47,TF-40924,Sucursal Este,"Monitor LG 24""",1,1950,Carlos L,Efectivo
2025-12-19,17:23,TF-24806,Sucursal Sur,Tablet Samsung,2,11385,Maria G,tarjeta
2025-12-19,20:23,TF-50392,Sucursal Centro,Laptop HP,3,11049,Maria G,tarjeta
21-12-2025,15:19,TF-93748,Sucursal Sur,Mouse Logitech,3,14404,Ana M,tarjeta
2025-12-13,10:59,TF-40862,Sucursal Sur,"Monitor LG 24""",1,7390,Ana M,Efectivo
2025-12-12,10:52,TF-74447,Sucursal Este,Tablet Samsung,2,11953,Maria G,tarjeta
2025-12-20,10:22,TF-65164,Sucursal Sur,Disco Duro 1TB,3,648,Ana M,Tarjeta
2025-12-04,15:12,TF-92352,Sucursal Sur,Auriculares Sony,3,1547,Maria G,EFECTIVO
2025-12-29,14:28,TF-72700,Sucursal Norte,Webcam HD,1,11463,Juan P,EFECTIVO
2025-12-15,11:25,TF-59456,Sucursal Norte,Laptop HP,1,9350,Ana M,Tarjeta
2025-12-12,20:54,TF-32119,Sucursal Centro,Tablet Samsung,3,7227,Maria G,Efectivo
2025-12-04,20:33,TF-67037,Sucursal Este,Disco Duro 1TB,1,3877,Carlos L,tarjeta
2025-12-27,16:24,TF-27065,Sucursal Este,"Monitor LG 24""",3,3731,Ana M,Tarjeta
2025-12-17,11:01,TF-48036,Sucursal Sur,"Monitor LG 24""",3,7588,Ana M,Efectivo
2025-12-04,16:08,TF-52368,Sucursal Este,"Monitor LG 24""",3,6483,Juan P,Efectivo
2025-12-05,14:59,TF-40781,Sucursal Este,Auriculares Sony,3,11190,Juan P,Efectivo
2025-12-12,17:39,TF-59930,Sucursal Sur,Tablet Samsung,3,6276,Maria G,tarjeta
2025-12-09,17:31,TF-54456,Sucursal Este,Teclado Mecánico,1,5398,Carlos L,Efectivo
2025-12-08,16:55,TF-46831,Sucursal Sur,Tablet Samsung,2,14991,Carlos L,tarjeta
2025-12-17,11:20,TF-74392,Sucursal Norte,Disco Duro 1TB,1,3295,Carlos L,Tarjeta
2025-12-26,16:27,TF-25207,Sucursal Este,Laptop HP,2,6041,Juan P,Tarjeta
2025-12-07,14:05,TF-36703,Sucursal Sur,Teclado Mecánico,1,12486,,Tarjeta
2025-12-22,09:33,TF-84814,Sucursal Norte,Tablet Samsung,1,4233,Juan P,tarjeta
2025-12-25,19:07,TF-10058,Sucursal Sur,Mouse Logitech,2,2719,Ana M,tarjeta
2025-12-23,19:00,TF-53178,Sucursal Centro,Disco Duro 1TB,2,12185,Maria G,Tarjeta
2025-12-31,09:51,TF-94363,Sucursal Sur,Auriculares Sony,1,12386,Ana M,tarjeta
2025-12-09,12:49,TF-62286,Sucursal Centro,Laptop HP,1,2869,Maria G,Efectivo
2025-12-13,16:51,TF-66670,Sucursal Sur,Teclado Mecánico,2,11103,Ana M,EFECTIVO
2025-12-19,13:36,TF-88687,Sucursal Este,Mouse Logitech,2,13487,Juan P,Efectivo
2025-12-20,14:29,TF-98662,Sucursal Norte,Teclado Mecánico,2,8838,Ana M,Efectivo
2026-01-02,16:19,TF-29478,Sucursal Norte,Webcam HD,1,8770,Juan P,Efectivo
20-12-2025,15:26,TF-22384,Sucursal Este,Webcam HD,2,4375,Ana M,Tarjeta
2025-12-29,11:53,TF-61505,Sucursal Centro,Mouse Logitech,2,14564,Ana M,tarjeta
2025-12-14,11:13,TF-34259,Sucursal Centro,Webcam HD,3,"$1,942",Juan P,Tarjeta
2025-12-24,16:29,TF-63096,Sucursal Este,Webcam HD,3,13522,Ana M,tarjeta
2025-12-06,11:08,TF-11818,Sucursal Norte,Mouse Logitech,1,11603,Maria G,Tarjeta
2025-12-17,19:54,TF-80593,Sucursal Norte,Mouse Logitech,2,12811,Maria G,Tarjeta
2025-12-27,20:28,TF-73576,Sucursal Este,Laptop HP,2,9788,Ana M,Efectivo
2025-12-14,09:06,TF-92629,Sucursal Este,Tablet Samsung,2,12276,Juan P,EFECTIVO
2025-12-16,16:32,TF-87468,Sucursal Este,"Monitor LG 24""",3,1194,Juan P,tarjeta
2026-01-01,19:26,TF-72041,Sucursal Centro,Disco Duro 1TB,3,10787,Carlos L,Tarjeta
2025-12-19,14:28,TF-40422,Sucursal Norte,Auriculares Sony,3,14182,Carlos L,EFECTIVO
2025-12-17,19:41,TF-57219,Sucursal Este,Teclado Mecánico,3,3594,Maria G,Tarjeta
2025-12-10,11:38,TF-74511,Sucursal Centro,Tablet Samsung,2,5175,Carlos L,tarjeta
2025-12-15,19:10,TF-32900,Sucursal Centro,Mouse Logitech,2,7255,Ana M,tarjeta
2025-12-14,14:49,TF-16117,Sucursal Sur,Teclado Mecánico,3,14514,Ana M,EFECTIVO
2025-12-30,10:06,TF-90028,Sucursal Centro,Laptop HP,3,1927,Carlos L,Tarjeta
2025-12-27,13:45,TF-67870,Sucursal Este,Mouse Logitech,1,10801,Maria G,EFECTIVO
2025-12-17,09:15,TF-72084,Sucursal Sur,Webcam HD,3,3005,Carlos L,Tarjeta
2025-12-08,17:26,TF-39908,Sucursal Norte,Tablet Samsung,2,6906,Carlos L,Efectivo
2025-12-18,11:49,TF-11303,Sucursal Centro,Mouse Logitech,2,5357,Ana M,Efectivo
2025-12-25,19:09,TF-85308,Sucursal Centro,Webcam HD,2,6786,Carlos L,tarjeta
2025-12-04,13:57,TF-79178,Sucursal Norte,Tablet Samsung,2,10749,Ana M,tarjeta
2026-01-01,19:25,TF-35859,Sucursal Sur,Mouse Logitech,1,9005,Maria G,tarjeta
2025-12-10,10:32,TF-10069,Sucursal Sur,Auriculares Sony,3,2821,Carlos L,EFECTIVO
2025-12-20,10:46,TF-17857,Sucursal Sur,Webcam HD,3,8514,Juan P,EFECTIVO
2025-12-13,18:47,TF-10683,Sucursal Este,Auriculares Sony,1,13395,,Tarjeta
2025-12-15,13:18,TF-97414,Sucursal Norte,Tablet Samsung,3,12283,Carlos L,EFECTIVO
2025-12-07,11:45,TF-65796,Sucursal Este,Mouse Logitech,1,1218,Juan P,tarjeta
2025-12-25,17:25,TF-87101,Sucursal Este,Webcam HD,3,8372,Ana M,EFECTIVO
2025-12-30,11:09,TF-76294,Sucursal Norte,Disco Duro 1TB,3,7699,Juan P,Tarjeta
2025-12-18,16:02,TF-30557,Sucursal Sur,Mouse Logitech,3,14164,Juan P,Tarjeta
2025-12-07,14:19,TF-59081,Sucursal Sur,Webcam HD,2,658,Juan P,tarjeta
2026-01-01,13:13,TF-33996,Sucursal Este,Laptop HP,1,9170,,tarjeta
2025-12-22,16:57,TF-54279,Sucursal Este,Disco Duro 1TB,3,13859,Ana M,EFECTIVO
2025-12-25,16:09,TF-52626,Sucursal Centro,Tablet Samsung,2,4014,Ana M,tarjeta
2025-12-24,10:55,TF-31707,Sucursal Centro,Webcam HD,3,10770,,Efectivo
2025-12-22,17:12,TF-72368,Sucursal Centro,Mouse Logitech,3,"$8,913",Maria G,EFECTIVO
2025-12-06,17:38,TF-51999,Sucursal Este,Laptop HP,2,14322,Juan P,tarjeta
2025-12-16,13:05,TF-25026,Sucursal Centro,Teclado Mecánico,2,2559,Ana M,Tarjeta
2025-12-05,18:20,TF-33784,Sucursal Centro,Laptop HP,2,6588,Carlos L,EFECTIVO
2025-12-30,10:03,TF-36549,Sucursal Norte,"Monitor LG 24""",2,8533,Juan P,tarjeta
2025-12-18,17:26,TF-18579,Sucursal Este,Laptop HP,2,10579,,Efectivo
2025-12-11,17:41,TF-26458,Sucursal Sur,Tablet Samsung,2,1574,Maria G,tarjeta
2025-12-21,11:50,TF-42133,Sucursal Este,Disco Duro 1TB,1,216,Maria G,Efectivo
2025-12-05,16:17,TF-88363,Sucursal Sur,Tablet Samsung,2,14002,Juan P,Tarjeta
2025-12-27,17:36,TF-19166,Sucursal Sur,Mouse Logitech,2,11643,Carlos L,EFECTIVO
2025-12-10,18:32,TF-51720,Sucursal Sur,Webcam HD,3,7617,Maria G,EFECTIVO
2025-12-23,14:01,TF-10022,Sucursal Centro,Disco Duro 1TB,1,14969,Ana M,EFECTIVO
2025-12-21,10:50,TF-95078,Sucursal Centro,Laptop HP,3,7493,,tarjeta
16-12-2025,11:53,TF-11105,Sucursal Centro,Disco Duro 1TB,2,3361,Carlos L,tarjeta
2025-12-10,10:52,TF-90405,Sucursal Sur,"Monitor LG 24""",1,8290,,Tarjeta
2025-12-04,12:52,TF-93681,Sucursal Este,Mouse Logitech,2,9524,,Tarjeta
2025-12-06,18:08,TF-18526,Sucursal Norte,Webcam HD,3,14216,Maria G,Efectivo
2025-12-26,19:34,TF-90538,Sucursal Sur,Disco Duro 1TB,1,7197,Carlos L,EFECTIVO
2025-12-31,15:17,TF-25953,Sucursal Este,Disco Duro 1TB,2,8674,Carlos L,EFECTIVO
2025-12-21,16:20,TF-10676,Sucursal Este,"Monitor LG 24""",2,1540,Maria G,EFECTIVO
2025-12-06,12:12,TF-31558,Sucursal Sur,Webcam HD,1,"$10,456",Juan P,tarjeta
2025-12-30,13:15,TF-24134,Sucursal Este,"Monitor LG 24""",2,13839,Juan P,EFECTIVO
2025-12-28,10:40,TF-68517,Sucursal Centro,Mouse Logitech,1,746,Maria G,Efectivo
2026-01-02,16:03,TF-49514,Sucursal Este,Mouse Logitech,1,11301,Ana M,Efectivo
2025-12-23,15:14,TF-88587,Sucursal Centro,Disco Duro 1TB,2,7805,Carlos L,Efectivo
2025-12-18,17:21,TF-87045,Sucursal Norte,Mouse Logitech,1,401,Maria G,Tarjeta
2025-12-24,17:16,TF-56581,Sucursal Este,Disco Duro 1TB,3,10372,Juan P,Tarjeta
2025-12-13,18:27,TF-77256,Sucursal Sur,Webcam HD,3,14703,,tarjeta
2025-12-13,14:00,TF-77853,Sucursal Norte,Laptop HP,1,8508,Carlos L,Tarjeta
2025-12-10,19:58,TF-36379,Sucursal Centro,Auriculares Sony,1,11142,Carlos L,tarjeta
2025-12-23,13:26,TF-53072,Sucursal Norte,Mouse Logitech,2,14554,Juan P,Tarjeta
2025-12-26,12:29,TF-91778,Sucursal Norte,"Monitor LG 24""",2,12235,Ana M,Tarjeta
2025-12-16,11:52,TF-10014,Sucursal Sur,Laptop HP,1,6063,,tarjeta
2025-12-05,09:12,TF-35929,Sucursal Sur,Teclado Mecánico,1,14706,Maria G,Tarjeta
2025-12-10,09:11,TF-44313,Sucursal Centro,Laptop HP,3,2448,Maria G,tarjeta
2025-12-18,12:23,TF-58804,Sucursal Norte,Tablet Samsung,3,1271,Maria G,Tarjeta
2025-12-21,15:44,TF-59054,Sucursal Sur,Tablet Samsung,3,4206,,tarjeta
2025-12-29,11:20,TF-42397,Sucursal Centro,Webcam HD,1,14151,Juan P,EFECTIVO
2025-12-29,19:39,TF-18503,Sucursal Norte,Tablet Samsung,3,12506,Carlos L,tarjeta
2025-12-20,20:30,TF-74853,Sucursal Este,Webcam HD,3,6769,Maria G,Tarjeta
2026-01-01,12:28,TF-40721,Sucursal Este,"Monitor LG 24""",2,7163,Carlos L,tarjeta
2025-12-21,10:08,TF-21013,Sucursal Sur,Disco Duro 1TB,3,5960,Carlos L,EFECTIVO
2025-12-18,16:27,TF-63602,Sucursal Sur,Disco Duro 1TB,2,4673,Juan P,tarjeta
2026-01-01,10:18,TF-75767,Sucursal Centro,Webcam HD,1,1812,Carlos L,Tarjeta
2025-12-25,14:16,TF-49677,Sucursal Sur,"Monitor LG 24""",3,10096,,tarjeta
2025-12-04,13:18,TF-55433,Sucursal Este,Tablet Samsung,3,12615,Maria G,EFECTIVO
2025-12-11,12:46,TF-37508,Sucursal Este,"Monitor LG 24""",3,9817,Ana M,tarjeta
2025-12-29,10:20,TF-34621,Sucursal Este,Tablet Samsung,1,7387,,Tarjeta
2025-12-13,20:00,TF-75509,Sucursal Sur,Auriculares Sony,1,7067,,tarjeta
2025-12-14,18:01,TF-84393,Sucursal Centro,Teclado Mecánico,1,5610,,EFECTIVO
2025-12-16,12:25,TF-18350,Sucursal Este,"Monitor LG 24""",2,1979,Carlos L,Efectivo
2025-12-09,10:43,TF-82470,Sucursal Norte,Laptop HP,3,10085,Ana M,tarjeta
2025-12-10,12:18,TF-96451,Sucursal Centro,Disco Duro 1TB,1,6239,Ana M,EFECTIVO
2025-12-09,10:08,TF-80313,Sucursal Este,Disco Duro 1TB,3,1326,Maria G,tarjeta
2025-12-17,20:42,TF-72230,Sucursal Norte,Webcam HD,3,3525,Juan P,Tarjeta
2025-12-18,10:52,TF-62328,Sucursal Norte,Auriculares Sony,3,14605,Juan P,tarjeta
2025-12-24,16:22,TF-48987,Sucursal Este,Teclado Mecánico,2,4281,Ana M,Tarjeta
2025-12-26,18:06,TF-61583,Sucursal Centro,"Monitor LG 24""",1,4685,Juan P,Tarjeta
2026-01-02,16:26,TF-82459,Sucursal Centro,Auriculares Sony,1,12576,Ana M,Tarjeta
2025-12-12,12:32,TF-15850,Sucursal Este,Laptop HP,1,10667,Ana M,Tarjeta
2025-12-16,09:00,TF-42847,Sucursal Centro,Teclado Mecánico,2,11182,,Tarjeta
2025-12-26,16:08,TF-10012,Sucursal Sur,Teclado Mecánico,1,13937,Ana M,Tarjeta
2025-12-06,19:48,TF-11469,Sucursal Sur,Teclado Mecánico,2,6066,,Tarjeta
2025-12-18,20:03,TF-93203,Sucursal Centro,Tablet Samsung,3,5251,Ana M,Tarjeta
2026-01-02,12:23,TF-10001,Sucursal Norte,Mouse Logitech,1,7108,Juan P,Tarjeta
2026-01-01,10:51,TF-97046,Sucursal Norte,Teclado Mecánico,1,7010,Maria G,Tarjeta
2026-01-02,17:25,TF-66083,Sucursal Centro,"Monitor LG 24""",1,1934,Carlos L,Efectivo
2025-12-16,12:29,TF-38848,Sucursal Centro,Webcam HD,3,10422,Carlos L,EFECTIVO
2025-12-07,20:34,TF-84606,Sucursal Norte,Webcam HD,1,10028,Maria G,tarjeta
2025-12-09,19:48,TF-51676,Sucursal Este,Mouse Logitech,2,489,Maria G,Efectivo
2025-12-11,09:39,TF-26260,Sucursal Sur,"Monitor LG 24""",3,7220,Carlos L,EFECTIVO
2025-12-13,12:09,TF-59250,Sucursal Norte,Laptop HP,1,12083,Carlos L,Tarjeta
2025-12-12,14:41,TF-15191,Sucursal Este,Webcam HD,1,3952,,Efectivo
2026-01-02,19:15,TF-39156,Sucursal Este,Auriculares Sony,1,7447,Maria G,Efectivo
2025-12-24,11:13,TF-26457,Sucursal Centro,Teclado Mecánico,3,9192,Juan P,EFECTIVO
2025-12-27,16:19,TF-31516,Sucursal Norte,"Monitor LG 24""",2,3090,Maria G,tarjeta
2025-12-31,16:05,TF-57131,Sucursal Este,Tablet Samsung,1,7912,Maria G,EFECTIVO
2025-12-04,15:27,TF-20909,Sucursal Sur,Teclado Mecánico,3,12105,Carlos L,EFECTIVO
21-12-2025,18:30,TF-19429,Sucursal Sur,Teclado Mecánico,3,7888,,tarjeta
2025-12-19,15:59,TF-64502,Sucursal Este,Auriculares Sony,2,8220,Juan P,Efectivo
2025-12-16,18:10,TF-35457,Sucursal Este,Webcam HD,3,5911,Juan P,EFECTIVO
2026-01-02,15:47,TF-42347,Sucursal Norte,Disco Duro 1TB,1,13522,Maria G,tarjeta
23-12-2025,16:43,TF-29315,Sucursal Sur,"Monitor LG 24""",3,9675,Juan P,EFECTIVO
2025-12-16,20:37,TF-20531,Sucursal Norte,Tablet Samsung,1,13794,,EFECTIVO
2025-12-22,13:46,TF-63950,Sucursal Centro,Mouse Logitech,3,9581,Maria G,EFECTIVO
2025-12-26,13:00,TF-32072,Sucursal Este,Laptop HP,1,1344,Carlos L,EFECTIVO
2025-12-09,11:23,TF-34431,Sucursal Norte,"Monitor LG 24""",2,3181,Maria G,Tarjeta
2025-12-10,09:47,TF-33950,Sucursal Norte,Webcam HD,2,7420,Maria G,Efectivo
2025-12-13,10:24,TF-26342,Sucursal Sur,Mouse Logitech,2,686,Juan P,Efectivo
2025-12-05,13:48,TF-10947,Sucursal Centro,Mouse Logitech,1,8757,Carlos L,EFECTIVO
2025-12-19,14:38,TF-66289,Sucursal Sur,Auriculares Sony,3,14784,Carlos L,EFECTIVO
2025-12-16,18:03,TF-56665,Sucursal Sur,Mouse Logitech,1,7686,Maria G,Efectivo
2025-12-23,10:55,TF-79550,Sucursal Sur,"Monitor LG 24""",2,7604,Ana M,Tarjeta
2025-12-04,19:52,TF-52229,Sucursal Centro,Auriculares Sony,1,13431,Ana M,EFECTIVO
2025-12-27,18:50,TF-20665,Sucursal Sur,Tablet Samsung,2,10986,Carlos L,Tarjeta
2025-12-26,11:55,TF-78164,Sucursal Centro,Teclado Mecánico,2,13255,Ana M,Tarjeta
2026-01-01,16:07,TF-73198,Sucursal Norte,"Monitor LG 24""",1,2992,Ana M,Efectivo
2025-12-09,14:57,TF-60264,Sucursal Sur,"Monitor LG 24""",3,4420,Maria G,EFECTIVO
2025-12-06,20:21,TF-39334,Sucursal Centro,Auriculares Sony,2,11954,,EFECTIVO
2025-12-29,12:14,TF-43959,Sucursal Centro,Webcam HD,1,2024,Juan P,tarjeta
2025-12-08,14:24,TF-85617,Sucursal Centro,Webcam HD,1,9867,Carlos L,tarjeta
2025-12-29,19:59,TF-26555,Sucursal Norte,Mouse Logitech,2,350,Carlos L,Tarjeta
2025-12-19,19:29,TF-29323,Sucursal Sur,Teclado Mecánico,3,11101,Carlos L,tarjeta
2025-12-20,20:07,TF-45841,Sucursal Este,"Monitor LG 24""",2,4975,Carlos L,Tarjeta
2025-12-30,20:13,TF-39500,Sucursal Centro,Teclado Mecánico,2,12117,Maria G,Efectivo
2025-12-21,15:21,TF-65369,Sucursal Este,Auriculares Sony,2,6607,Maria G,EFECTIVO
2025-12-07,11:20,TF-86072,Sucursal Centro,Webcam HD,2,10925,Carlos L,Tarjeta
2025-12-10,12:51,TF-35644,Sucursal Centro,Auriculares Sony,3,14227,Maria G,EFECTIVO
2025-12-17,19:53,TF-32049,Sucursal Centro,Mouse Logitech,2,7963,Carlos L,EFECTIVO
2025-12-08,19:46,TF-62952,Sucursal Norte,Laptop HP,1,4146,Maria G,EFECTIVO
2025-12-28,20:50,TF-97914,Sucursal Centro,Disco Duro 1TB,3,6460,Juan P,Efectivo
2025-12-06,10:31,TF-94070,Sucursal Norte,Laptop HP,3,9587,Juan P,Tarjeta
2025-12-16,16:41,TF-66840,Sucursal Sur,Teclado Mecánico,1,5528,Maria G,EFECTIVO
2025-12-30,20:01,TF-61615,Sucursal Este,Mouse Logitech,3,13915,Juan P,Tarjeta
2025-12-25,10:11,TF-88525,Sucursal Norte,Laptop HP,3,7527,Maria G,Tarjeta
2025-12-06,17:16,TF-14588,Sucursal Centro,Mouse Logitech,3,5091,Juan P,Tarjeta
2025-12-13,09:33,TF-48456,Sucursal Este,Teclado Mecánico,3,8235,Carlos L,Tarjeta
2025-12-26,10:42,TF-15863,Sucursal Norte,Laptop HP,1,2521,,Tarjeta
2025-12-22,14:17,TF-26841,Sucursal Este,Mouse Logitech,3,4377,Ana M,Efectivo
2025-12-12,19:27,TF-28775,Sucursal Norte,Mouse Logitech,3,12204,Carlos L,Tarjeta
2025-12-17,11:20,TF-66836,Sucursal Este,Laptop HP,3,4255,,EFECTIVO
06-12-2025,14:40,TF-21662,Sucursal Sur,Auriculares Sony,2,2597,Ana M,Tarjeta
2025-12-16,10:50,TF-26187,Sucursal Norte,Webcam HD,3,13656,,tarjeta
2025-12-21,13:38,TF-22984,Sucursal Centro,Teclado Mecánico,2,12518,,EFECTIVO
2025-12-19,18:08,TF-43955,Sucursal Centro,Teclado Mecánico,3,2270,Carlos L,Tarjeta
